Timestamp,I am 18+ and consent to participate,Are you currently a college student?,Age,Gender,Level of study ,Field of Study ,GPA (latest or cumulative),Average study hours per day,Primary device you use daily,Own a personal smartphone?,Mobile data plan availability,Average daily smartphone screen time (weekdays),Average daily smartphone screen time (weekends),Night-time phone use after lights-off,Notifications checked per hour (self-estimate),Platforms used regularly,Total time on Social Media per day,Daily gaming time,I lose track of time while on my phone (DA1),I feel restless/irritable when I canâ€™t use my phone (DA2),I have tried and failed to cut down my screen time (DA3),I skip or delay important tasks due to phone/social media use (DA4),I use my phone to cope with negative emotions (DA5),I check my phone immediately upon waking (DA6),I feel compelled to check notifications during classes/study (DA7),Friends/family have commented that I use my phone too much (DA8),Average sleep duration (hours/night),Bedtime regularity (SL1),Using phone within 30 minutes before sleep (SL2),Daytime sleepiness (SL3),Headaches/eye strain related to screen use (SL4),Difficulty focusing during study due to phone/social media,Multitasking with phone while studying,Procrastination linked to online activities,Missed deadlines/late submissions due to device use,Feeling anxious in the past 2 weeks,Feeling anxious in the past 2 weeks,Feeling low/sad in the past 2 weeks,Loneliness in the past 2 weeks,Overall life satisfaction,I set app limits or use digital wellbeing tools,I can control my impulse to check the phone when busy,I would like to reduce my screen time,Self-rated digital addiction risk,Self-rated productivity (past 2 weeks),Anything else you want to share?
8/17/2025 20:39:09,Yes,Yes,25,Female,+2,Lab technician ,2.6â€“3.0,1â€“2,Smartphone,Yes,No,3â€“4h,4â€“6h,30â€“60m,<5 times,"YouTube, TikTok, Facebook",3â€“4h,None,2,2,1,3,5,5,4,5,6â€“7,2,5,4,5,3,2,4,2,4,4,3,3,3,1,4,5,Mild,3,I feel like I have angry 
8/17/2025 20:48:33,Yes,Yes,25,Female,+2,Lab Technician,2.6â€“3.0,1â€“2,Smartphone,Yes,No,4â€“6h,4â€“6h,30â€“60m,<5 times,"YouTube, TikTok, Instagram, Facebook",3â€“4h,None,4,3,3,2,4,5,2,5,6â€“7,2,3,3,5,4,3,3,2,3,,3,3,3,1,2,5,Mild,3,I feel ancious Sometime
8/17/2025 20:58:23,Yes,Yes,35,Male,Masters,Data science,3.1â€“3.5,1â€“2,Smartphone,Yes,Rarely,3â€“4h,4â€“6h,30â€“60m,<5 times,"YouTube, TikTok, Facebook",2â€“3h,None,2,1,3,1,4,4,1,2,7â€“8,3,3,3,4,2,2,3,1,4,,3,3,3,2,2,4,Mild,3,No
8/17/2025 21:03:50,Yes,Yes,28,Male,Masters,Data Science,3.1â€“3.5,1â€“2,Laptop,Yes,Always,4â€“6h,>6h,>2h,5â€“10 times,"YouTube, TikTok, Instagram, Gaming, LinkedIn",2â€“3h,>2h,3,4,4,4,4,4,4,4,5â€“6,4,4,4,4,3,4,4,4,5,,5,5,3,1,5,5,Moderate,3,Nothing
8/17/2025 21:09:58,Yes,Yes,27,Male,Masters,Data Science ,3.1â€“3.5,1â€“2,Smartphone,Yes,Always,2â€“3h,2â€“3h,<30m,<5 times,"YouTube, Facebook, WhatsApp, LinkedIn",2â€“3h,<30m,1,1,3,1,3,2,2,2,5â€“6,3,2,1,2,1,2,2,2,2,,3,3,3,3,3,3,Mild,2,Okay
8/17/2025 21:14:18,Yes,Yes,22 years,Male,Bachelors,Bachelor's in Information Technology ,2.6â€“3.0,1â€“2,Laptop,Yes,Rarely,>6h,3â€“4h,1â€“2h,5â€“10 times,"YouTube, Instagram, X, LinkedIn",3â€“4h,None,5,3,4,5,4,5,3,5,5â€“6,4,5,3,1,5,5,5,5,5,,4,4,2,1,2,5,Moderate,1,I want to get rid of this social platform asap
8/17/2025 21:16:10,Yes,No,35,Male,Bachelors,Humanities,3.1â€“3.5,1â€“2,Smartphone,Yes,Always,3â€“4h,3â€“4h,1â€“2h,<5 times,Facebook,3â€“4h,None,2,3,1,1,2,4,1,2,6â€“7,3,5,4,5,3,3,2,2,1,,1,1,4,2,2,3,Not at risk,3,Thank you
8/17/2025 21:23:54,Yes,Yes,21,Female,Bachelors,IT,3.6â€“4.0,1â€“2,Smartphone,Yes,Rarely,4â€“6h,>6h,<30m,5â€“10 times,YouTube,<1h,None,3,3,3,2,3,4,2,2,5â€“6,3,3,3,3,3,3,3,2,3,,3,3,3,3,3,3,Mild,3,No
8/17/2025 21:24:20,Yes,Yes,21,Female,Bachelors,IT,3.6â€“4.0,<1,Smartphone,Yes,Rarely,2â€“3h,<2h,30â€“60m,<5 times,Instagram,1â€“2h,None,3,3,3,3,4,4,2,2,6â€“7,3,4,4,4,3,2,4,4,3,,3,3,2,1,3,4,Mild,2,no
8/17/2025 21:24:41,Yes,Yes,20,Female,Bachelors,computer science,3.1â€“3.5,<1,Smartphone,Yes,Rarely,>6h,>6h,<30m,5â€“10 times,"YouTube, TikTok, Instagram, WhatsApp, LinkedIn",3â€“4h,<30m,2,3,2,4,3,2,1,2,6â€“7,4,4,3,2,4,5,5,1,4,,2,2,3,4,1,5,Mild,3,nothing
8/17/2025 21:26:34,Yes,Yes,21,Male,Bachelors,IT,3.1â€“3.5,<1,Smartphone,Yes,Rarely,4â€“6h,>6h,30â€“60m,5â€“10 times,"YouTube, Instagram, Facebook, Gaming",3â€“4h,30â€“60m,3,4,2,3,5,3,1,4,6â€“7,5,5,5,2,5,5,1,4,4,,5,5,3,1,3,5,Mild,2,Thank you for your hardwork friend. Keep it up
8/17/2025 21:26:35,Yes,Yes,20,Female,Bachelors,IT,<2.0,<1,Tablet,Yes,Always,3â€“4h,3â€“4h,Never,5â€“10 times,"YouTube, TikTok, Instagram",2â€“3h,<30m,1,1,1,1,5,4,5,1,5â€“6,1,4,5,1,5,1,1,1,5,,5,5,5,1,5,5,Mild,4,We want the solutions of the problems we ticked above please 
8/17/2025 21:28:31,Yes,Yes,22,Male,Bachelors,BIT,3.6â€“4.0,<1,Smartphone,Yes,Rarely,3â€“4h,3â€“4h,30â€“60m,<5 times,"YouTube, TikTok, Instagram, Facebook, WhatsApp, LinkedIn",2â€“3h,<30m,2,1,1,1,1,1,1,1,7â€“8,2,4,1,1,1,1,1,1,1,,1,1,5,1,5,2,Not at risk,5,no
8/17/2025 21:29:40,Yes,Yes,22,Female,Bachelors,IT,2.0â€“2.5,1â€“2,Smartphone,Yes,Sometimes,3â€“4h,2â€“3h,1â€“2h,<5 times,"YouTube, TikTok, Instagram, WhatsApp",1â€“2h,None,1,1,1,1,1,5,1,5,<5,1,5,5,5,5,5,1,1,1,,1,1,1,1,5,5,Not at risk,5,No
8/17/2025 21:29:56,Yes,Yes,22,Male,Bachelors,BIT,2.6â€“3.0,<1,Smartphone,Yes,Always,>6h,>6h,>2h,11â€“20 times,"YouTube, Instagram",>4h,1â€“2h,5,3,5,5,3,5,5,5,5â€“6,3,5,5,5,5,5,5,5,5,,3,2,1,1,1,5,Moderate,1, For past few weeka my screen time has increased to 10 hrs daily i cant control it and i cant even focus on my studies 
8/17/2025 21:30:13,Yes,Yes,21,Male,Bachelors,Computer Engineering ,2.6â€“3.0,2â€“3,Laptop,Yes,Sometimes,2â€“3h,4â€“6h,<30m,>20,YouTube,1â€“2h,<30m,1,1,1,1,1,5,2,1,5â€“6,1,1,1,1,3,5,2,1,1,,2,2,3,2,1,1,Mild,4,Not at all 
8/17/2025 21:30:52,Yes,Yes,21,Male,Bachelors,Bit,3.1â€“3.5,1â€“2,Smartphone,Yes,Rarely,>6h,>6h,1â€“2h,5â€“10 times,"Instagram, Facebook, LinkedIn",>4h,30â€“60m,5,2,3,4,2,2,3,3,6â€“7,3,3,3,2,2,3,2,2,4,,3,2,2,3,4,3,Moderate,3,Kei naii
8/17/2025 21:31:12,Yes,Yes,22,Male,Bachelors,Information Technology,3.1â€“3.5,<1,Laptop,Yes,No,<2h,3â€“4h,<30m,<5 times,"YouTube, Instagram, X",3â€“4h,None,3,4,4,1,1,3,3,1,5â€“6,3,4,3,4,4,4,4,2,2,,2,2,2,4,4,5,Moderate,3,I would lÃ¬ke to see the analysis of my data
8/17/2025 21:34:35,Yes,Yes,20,Male,Bachelors,IT,3.6â€“4.0,2â€“3,Smartphone,Yes,Rarely,3â€“4h,4â€“6h,<30m,<5 times,"YouTube, WhatsApp, LinkedIn",<1h,<30m,1,1,1,1,1,3,1,1,5â€“6,3,5,1,2,1,3,2,1,1,,1,1,3,2,5,5,Mild,4,no
8/17/2025 21:37:05,Yes,Yes,20,Female,Bachelors,Social work,3.1â€“3.5,2â€“3,Smartphone,Yes,Always,4â€“6h,3â€“4h,1â€“2h,<5 times,"YouTube, TikTok, Instagram",3â€“4h,1â€“2h,1,1,1,1,3,5,1,5,6â€“7,1,5,5,5,5,5,1,1,5,,5,5,1,1,5,1,Not at risk,1,Mobile has both advantages and disadvantages 
8/17/2025 21:38:55,Yes,Yes,21,Male,Bachelors,IT,3.6â€“4.0,1â€“2,Laptop,Yes,Sometimes,4â€“6h,3â€“4h,>2h,<5 times,"YouTube, Instagram, X, Gaming, LinkedIn",2â€“3h,30â€“60m,1,1,1,1,1,1,1,1,6â€“7,3,3,1,1,1,1,1,1,1,,3,3,3,2,3,3,Mild,4,Nice
8/17/2025 21:40:43,Yes,Yes,27,Male,Masters,Master in Data science ,3.1â€“3.5,<1,Smartphone,Yes,Always,3â€“4h,4â€“6h,<30m,<5 times,"YouTube, TikTok, Facebook, WhatsApp",3â€“4h,None,2,2,2,3,2,1,3,1,6â€“7,2,3,2,4,4,3,3,3,4,,5,5,1,4,1,5,Severe,1,O Ram Sir 
8/17/2025 21:42:56,Yes,Yes,18,Male,+2,Discuss the greater context of your education,3.1â€“3.5,3â€“4,Smartphone,Yes,Sometimes,<2h,2â€“3h,Never,<5 times,"YouTube, TikTok, Instagram, Facebook, Gaming, Streaming",<1h,None,2,3,2,2,2,5,5,5,5â€“6,1,1,5,5,4,3,4,4,4,,3,3,4,5,2,3,Moderate,3,No i dont want
8/17/2025 21:44:06,Yes,Yes,21,Male,Bachelors,IT,2.6â€“3.0,<1,Smartphone,Yes,Rarely,>6h,4â€“6h,>2h,<5 times,"TikTok, Instagram, Gaming",2â€“3h,>2h,3,2,1,2,2,5,3,4,5â€“6,1,5,2,3,2,1,3,4,4,,1,1,3,1,5,5,Mild,2,Nahh
8/17/2025 21:46:05,Yes,Yes,22,Male,Bachelors,Bit,3.1â€“3.5,<1,Smartphone,Yes,Sometimes,>6h,>6h,>2h,11â€“20 times,"YouTube, TikTok, Instagram, Facebook, Gaming",>4h,>2h,5,5,5,5,4,5,4,5,<5,4,5,4,4,5,4,4,5,5,,4,3,3,1,3,5,Severe,1,I just want to came out with the addiction of smart phone
8/17/2025 21:47:28,Yes,Yes,21,Female,Bachelors,Bbs,3.1â€“3.5,3â€“4,Smartphone,Yes,Sometimes,3â€“4h,3â€“4h,1â€“2h,5â€“10 times,"YouTube, TikTok, Facebook",2â€“3h,None,1,1,1,1,1,2,1,2,7â€“8,1,1,1,5,4,3,3,3,1,,3,4,1,1,1,5,Mild,1,Noooooo
8/17/2025 21:47:53,Yes,Yes,20,Male,Bachelors,bbs,3.1â€“3.5,<1,Smartphone,Yes,Sometimes,>6h,>6h,>2h,>20,Gaming,>4h,>2h,5,5,5,5,4,5,5,5,6â€“7,5,5,5,5,5,5,5,5,5,,5,5,5,4,4,5,Moderate,5,no
8/17/2025 21:51:25,Yes,Yes,21,Male,Bachelors,Management ,3.1â€“3.5,2â€“3,Smartphone,Yes,Rarely,2â€“3h,2â€“3h,<30m,<5 times,"Instagram, Snapchat, Gaming",2â€“3h,<30m,1,1,1,1,2,1,1,2,7â€“8,3,2,1,1,1,2,1,1,1,,1,1,2,2,2,4,Not at risk,2,No
8/17/2025 21:51:58,Yes,Yes,23,Female,Bachelors,Microbiology ,3.1â€“3.5,2â€“3,Smartphone,Yes,Rarely,2â€“3h,3â€“4h,<30m,<5 times,"YouTube, TikTok, Facebook, Snapchat",1â€“2h,None,2,1,2,2,4,5,2,3,5â€“6,2,4,2,4,2,5,2,1,1,,1,1,4,5,4,5,Not at risk,3,I want to reduce my screen time to use that time for something productive 
8/17/2025 21:59:41,Yes,No,25,Male,Bachelors,IT,3.1â€“3.5,1â€“2,Laptop,Yes,Always,3â€“4h,3â€“4h,Never,<5 times,"YouTube, WhatsApp, LinkedIn",<1h,30â€“60m,2,2,2,1,2,3,2,2,7â€“8,3,4,3,3,4,2,2,1,2,,2,2,3,2,3,4,Mild,2,NA
8/17/2025 22:00:23,Yes,Yes,22,Female,Bachelors,BBS ,2.6â€“3.0,<1,Smartphone,Yes,Sometimes,4â€“6h,4â€“6h,30â€“60m,<5 times,Instagram,2â€“3h,30â€“60m,4,3,5,1,5,5,1,4,7â€“8,3,3,3,3,1,1,1,1,5,,3,1,3,1,3,3,Mild,5,Nothing 
8/17/2025 22:07:33,Yes,Yes,19,Female,+2,science,3.1â€“3.5,2â€“3,Smartphone,Yes,Sometimes,2â€“3h,2â€“3h,<30m,<5 times,Instagram,1â€“2h,None,1,2,3,1,1,2,1,1,7â€“8,4,5,2,1,4,1,1,1,1,,1,1,5,3,5,5,Mild,2,no
8/17/2025 22:09:14,Yes,Yes,18,Female,Bachelors,Nursing ,3.6â€“4.0,1â€“2,Smartphone,Yes,Sometimes,4â€“6h,>6h,>2h,<5 times,"YouTube, TikTok, Instagram, Snapchat",>4h,<30m,2,1,5,4,5,3,2,3,5â€“6,1,5,3,5,5,5,4,1,5,,5,4,2,5,5,5,Mild,2,I am drainedd
8/17/2025 22:09:48,Yes,Yes,24,Male,Bachelors,IT,3.1â€“3.5,<1,Smartphone,Yes,Sometimes,4â€“6h,>6h,<30m,5â€“10 times,"YouTube, Instagram, Facebook, WhatsApp, Gaming",1â€“2h,30â€“60m,3,3,4,3,2,3,2,1,6â€“7,5,5,3,4,3,3,3,3,3,,3,3,2,2,3,5,Mild,2,No
8/17/2025 22:15:59,Yes,Yes,19,Female,+2,Nursing ,2.6â€“3.0,<1,Smartphone,Yes,Sometimes,>6h,4â€“6h,1â€“2h,5â€“10 times,"TikTok, Instagram, Facebook, Snapchat",>4h,None,4,4,4,5,1,5,5,5,<5,2,5,3,5,5,5,5,5,5,,4,4,5,5,5,5,Moderate,3,I canâ€™t focus 
8/17/2025 22:16:07,Yes,Yes,18,Female,+2,Nursing,3.1â€“3.5,1â€“2,Smartphone,Yes,Always,4â€“6h,>6h,<30m,<5 times,"YouTube, TikTok, Instagram, Facebook, WhatsApp, Snapchat",>4h,None,3,2,2,1,1,2,1,3,7â€“8,2,5,3,3,4,2,1,1,2,,2,2,3,1,2,4,Mild,1,Noo
8/17/2025 22:16:15,Yes,Yes,19,Female,+2,Medical Laboratory Technician ,2.6â€“3.0,1â€“2,Smartphone,Yes,Always,2â€“3h,3â€“4h,Never,<5 times,"YouTube, TikTok, Instagram, Facebook, WhatsApp, Snapchat",1â€“2h,None,1,1,1,5,1,5,1,5,7â€“8,5,5,1,1,5,5,1,1,1,,1,1,5,1,5,1,Not at risk,1,Nothing 
8/17/2025 22:16:42,Yes,No,26,Male,Masters,Masters in Data Science,3.1â€“3.5,2â€“3,Laptop,Yes,Always,3â€“4h,4â€“6h,1â€“2h,<5 times,"YouTube, Instagram, Facebook",2â€“3h,None,4,4,3,4,2,4,3,4,7â€“8,4,5,2,4,4,3,4,4,4,,3,3,4,1,3,5,Moderate,3,No
8/17/2025 22:16:50,Yes,Yes,18,Female,+2,Science,3.1â€“3.5,2â€“3,Laptop,Yes,Sometimes,2â€“3h,3â€“4h,<30m,<5 times,"YouTube, TikTok, Instagram, Facebook, WhatsApp",1â€“2h,None,2,1,2,1,2,1,1,1,7â€“8,4,1,1,1,1,2,3,1,3,,4,4,4,4,3,5,Mild,4,â€¦.
8/17/2025 22:22:00,Yes,Yes,22,Male,Bachelors,IT,3.1â€“3.5,1â€“2,Laptop,Yes,Rarely,3â€“4h,4â€“6h,<30m,11â€“20 times,"YouTube, Facebook, Gaming",1â€“2h,30â€“60m,1,1,2,3,1,5,3,2,7â€“8,3,5,3,1,4,4,3,3,3,,2,1,3,2,3,4,Moderate,3,Nothing 
8/17/2025 23:36:26,Yes,Yes,19,Male,Bachelors,IT,3.1â€“3.5,<1,Smartphone,Yes,Rarely,3â€“4h,>6h,<30m,5â€“10 times,"YouTube, TikTok, Instagram, Facebook, WhatsApp, X, Snapchat, Gaming",2â€“3h,1â€“2h,2,2,2,2,2,4,3,4,7â€“8,3,5,2,2,3,3,3,2,1,,1,1,3,1,4,4,Mild,3,Nothing
8/18/2025 0:05:37,Yes,Yes,18,Female,+2,PCL nursing ,2.6â€“3.0,2â€“3,Smartphone,Yes,Always,2â€“3h,4â€“6h,Never,<5 times,Instagram,3â€“4h,None,3,1,2,4,1,4,3,5,<5,2,5,1,5,5,3,1,3,4,,3,4,2,3,1,5,Not at risk,1,I want to get rid of this addiction 
8/18/2025 0:31:50,Yes,No,27,Male,Masters,Data Science,3.6â€“4.0,<1,Smartphone,Yes,Sometimes,<2h,3â€“4h,1â€“2h,<5 times,"YouTube, TikTok, Instagram, Facebook, WhatsApp, X, LinkedIn",1â€“2h,None,1,1,1,1,1,5,1,1,6â€“7,3,3,2,3,1,1,1,1,1,,1,2,5,1,3,5,Mild,3,"I can control my mind based on the situation, thus I am not addicted to digital world."
8/18/2025 3:18:13,Yes,Yes,18,Male,+2,Computer science,2.6â€“3.0,2â€“3,Laptop,Yes,Rarely,3â€“4h,4â€“6h,30â€“60m,5â€“10 times,Instagram,1â€“2h,1â€“2h,1,1,1,1,1,2,1,2,5â€“6,2,2,1,2,1,1,1,1,2,,1,1,3,2,1,1,Not at risk,1,Focusing on my study rather than phones
8/18/2025 4:14:37,Yes,Yes,35,Male,Masters,Geology,3.6â€“4.0,>4,Laptop,Yes,Always,<2h,2â€“3h,Never,<5 times,Google,<1h,None,1,1,1,1,1,1,1,1,6â€“7,5,1,1,1,1,1,1,1,1,,1,1,1,1,5,2,Not at risk,5,Iâ€™m not into the phone that much as I have other focuses in life.
8/18/2025 5:04:38,Yes,Yes,20,Male,Bachelors,management ,2.6â€“3.0,2â€“3,Smartphone,Yes,Sometimes,4â€“6h,4â€“6h,<30m,11â€“20 times,"YouTube, TikTok, Instagram, Snapchat, Gaming",2â€“3h,>2h,2,2,3,2,1,4,3,4,7â€“8,2,4,4,2,3,3,3,1,2,,1,1,3,2,3,3,Mild,3,nooo
8/18/2025 5:11:55,No,Yes,18,Female,Bachelors,Medical ,3.1â€“3.5,>4,Smartphone,Yes,Rarely,>6h,>6h,1â€“2h,11â€“20 times,"YouTube, TikTok, Instagram, Facebook, WhatsApp",>4h,>2h,2,3,3,3,4,3,4,5,<5,3,3,4,4,3,3,2,3,1,,1,1,1,1,1,1,Not at risk,1,Nooo
8/18/2025 6:39:58,Yes,Yes,21,Male,Bachelors,Business,3.1â€“3.5,1â€“2,Smartphone,Yes,Sometimes,3â€“4h,2â€“3h,<30m,<5 times,"YouTube, TikTok, Snapchat",1â€“2h,None,1,2,1,2,1,1,1,1,7â€“8,2,1,1,1,2,1,3,2,1,,1,2,4,3,1,5,Mild,3,Don't procrastinate 
8/18/2025 7:10:29,Yes,Yes,19,Male,Bachelors,Management ,3.1â€“3.5,<1,Smartphone,Yes,Sometimes,4â€“6h,>6h,1â€“2h,11â€“20 times,"YouTube, TikTok, Instagram, Facebook, Snapchat, Chrome ",>4h,<30m,2,3,4,2,4,5,4,5,>8,5,5,5,1,5,5,3,5,4,,5,5,1,1,3,3,Not at risk,1,Nice
8/18/2025 9:15:28,Yes,No,18,Female,Bachelors,Bioinformatics ,3.1â€“3.5,>4,Smartphone,Yes,Rarely,<2h,4â€“6h,<30m,<5 times,"TikTok, Facebook, WhatsApp, Snapchat",1â€“2h,None,1,1,1,1,1,2,1,1,6â€“7,4,2,1,1,1,1,1,1,1,,1,1,4,4,5,1,Not at risk,5,Everything is fine 
8/18/2025 10:11:53,Yes,Yes,21,Male,Bachelors,IT,3.6â€“4.0,<1,Smartphone,Yes,Rarely,2â€“3h,4â€“6h,Never,<5 times,"YouTube, Facebook, WhatsApp, Gaming",<1h,30â€“60m,2,1,2,1,1,1,1,1,5â€“6,2,3,2,1,1,3,1,1,1,,1,1,3,1,1,3,Not at risk,3,No
8/18/2025 10:41:42,Yes,Yes,20,Female,+2,Science ,2.6â€“3.0,3â€“4,Smartphone,Yes,No,<2h,>6h,<30m,<5 times,"TikTok, Instagram, Snapchat",<1h,None,3,1,1,1,2,4,1,1,6â€“7,3,5,1,1,1,1,1,1,2,,4,4,1,1,4,1,Not at risk,3,No
8/18/2025 12:35:29,Yes,Yes,26,Male,Masters,Computer science ,3.1â€“3.5,<1,Smartphone,Yes,Always,3â€“4h,>6h,<30m,<5 times,"YouTube, TikTok, Instagram",2â€“3h,<30m,5,4,2,1,1,2,3,4,7â€“8,3,4,2,3,5,4,4,1,1,,1,1,4,1,4,5,Moderate,4,Nope
8/18/2025 13:41:27,Yes,Yes,30,Female,Masters,Data science ,3.1â€“3.5,2â€“3,Laptop,Yes,Sometimes,2â€“3h,2â€“3h,Never,<5 times,"YouTube, Instagram, LinkedIn",1â€“2h,None,3,2,3,4,4,3,2,3,5â€“6,2,1,2,3,4,2,4,5,5,,5,3,2,3,3,5,Moderate,3,Mental stress due to thesis 
8/18/2025 13:54:14,Yes,No,35,Male,Masters,IT,3.6â€“4.0,3â€“4,Smartphone,Yes,Always,3â€“4h,<2h,<30m,<5 times,"YouTube, Facebook, Gaming",2â€“3h,<30m,1,1,2,1,2,1,1,1,5â€“6,2,2,2,1,1,1,2,1,1,,1,1,5,5,4,5,Not at risk,4,I use the device when ever it is required or sometimes for refreshment. Nothing more and nithing less.
8/18/2025 14:01:33,Yes,No,28,Male,Masters,Data Science,3.6â€“4.0,<1,Laptop,Yes,Sometimes,<2h,2â€“3h,30â€“60m,<5 times,Streaming,<1h,None,2,2,1,1,3,5,4,2,6â€“7,4,5,2,4,2,2,2,2,4,,2,2,4,1,5,2,Mild,5,Mobile device is an integral part of my daily work so using one has been beneficial instead an obstacle.
8/18/2025 14:25:20,Yes,Yes,18,Female,+2,Computer Engineering ,3.6â€“4.0,>4,Laptop,Yes,Rarely,<2h,2â€“3h,<30m,<5 times,YouTube,<1h,None,1,1,1,1,1,1,1,1,5â€“6,1,2,1,1,1,1,1,1,1,,1,1,3,1,2,1,Not at risk,1,No
8/18/2025 14:36:15,No,Yes,17,Female,+2,management ,3.1â€“3.5,1â€“2,Smartphone,Yes,Sometimes,2â€“3h,3â€“4h,30â€“60m,5â€“10 times,Instagram,2â€“3h,None,2,1,1,2,3,2,1,2,<5,4,5,4,3,3,3,1,2,2,,3,4,4,3,3,5,Mild,3,loneliness 
8/18/2025 14:39:49,Yes,Yes,18,Male,+2,Computer Engineering,3.1â€“3.5,3â€“4,Laptop,No,Rarely,3â€“4h,3â€“4h,Never,5â€“10 times,"YouTube, Instagram, Facebook, Gaming",2â€“3h,1â€“2h,3,3,3,3,3,3,3,3,6â€“7,5,3,3,3,3,3,3,2,1,,1,1,5,3,4,3,Mild,3,Nothing
8/18/2025 14:45:23,Yes,No,30,Male,Masters,Data Science,3.6â€“4.0,3â€“4,Laptop,Yes,Always,>6h,>6h,30â€“60m,5â€“10 times,"YouTube, Facebook, WhatsApp",3â€“4h,None,4,3,3,2,3,4,4,1,5â€“6,1,4,3,2,4,4,2,1,1,,1,1,4,1,4,5,Mild,4,Not at all
8/18/2025 15:31:36,Yes,No,27,Male,Masters,Data Science ,3.1â€“3.5,<1,Laptop,Yes,Rarely,3â€“4h,3â€“4h,1â€“2h,11â€“20 times,"YouTube, Facebook, LinkedIn",1â€“2h,<30m,4,3,3,4,3,5,5,4,7â€“8,3,5,4,5,5,4,4,2,2,,4,5,3,1,2,5,Moderate,4,No
8/18/2025 15:38:16,Yes,Yes,19,Male,+2,Cs,2.6â€“3.0,1â€“2,Smartphone,Yes,Rarely,>6h,>6h,>2h,5â€“10 times,Gaming,<1h,>2h,5,1,1,1,1,1,1,1,<5,1,2,2,1,1,1,1,1,2,,1,1,1,1,1,1,Not at risk,1,Not
8/18/2025 16:13:50,No,Yes,18,Female,+2,Business study ,3.1â€“3.5,3â€“4,Smartphone,Yes,Sometimes,4â€“6h,4â€“6h,>2h,5â€“10 times,"YouTube, TikTok, Instagram, Facebook",>4h,None,1,1,3,1,1,3,1,2,5â€“6,5,2,2,1,2,2,1,1,1,,1,1,3,1,3,3,Not at risk,1,Nothing 
8/18/2025 16:26:20,Yes,Yes,22,Female,Bachelors,Engineering ,3.1â€“3.5,2â€“3,Smartphone,Yes,Rarely,2â€“3h,3â€“4h,30â€“60m,5â€“10 times,"YouTube, TikTok, Instagram, Facebook, WhatsApp, Snapchat",2â€“3h,None,2,1,3,2,3,3,1,3,6â€“7,3,4,1,3,4,3,2,1,3,,1,1,4,1,3,4,Moderate,3,No 
8/18/2025 16:44:59,Yes,Yes,21,Male,Bachelors,Electrical Engineering,3.1â€“3.5,3â€“4,Laptop,Yes,Rarely,2â€“3h,3â€“4h,<30m,5â€“10 times,"YouTube, TikTok, Facebook, LinkedIn",2â€“3h,<30m,2,1,3,2,1,3,2,2,6â€“7,2,4,2,1,3,2,3,1,2,,2,2,2,1,1,3,Mild,4,nowadays smartphoe or laptops has been necessity for studies and any other things but we have to use that device in limit otherwise it will impact oour physical healt as well as our mental health.
8/18/2025 16:45:05,No,Yes,17,Female,+2,Computer science ,3.6â€“4.0,<1,Smartphone,Yes,Sometimes,>6h,>6h,1â€“2h,5â€“10 times,Instagram,>4h,None,1,1,1,1,1,1,1,3,5â€“6,2,1,1,1,1,1,1,1,1,,1,1,1,1,1,3,Not at risk,1,No
8/18/2025 16:50:06,Yes,No,29,Male,Masters,Data science ,3.1â€“3.5,1â€“2,Smartphone,Yes,No,3â€“4h,3â€“4h,Never,<5 times,"YouTube, Instagram, Facebook, WhatsApp, LinkedIn",2â€“3h,None,1,1,1,4,3,1,2,1,6â€“7,2,4,3,2,5,3,1,2,5,,5,4,3,4,4,2,Mild,2,"Nothing, just filling the form for master degree thesis project "
8/18/2025 16:50:59,Yes,Yes,19,Male,Bachelors,BCT,3.6â€“4.0,<1,Smartphone,Yes,Sometimes,4â€“6h,>6h,30â€“60m,5â€“10 times,Instagram,3â€“4h,1â€“2h,3,3,3,3,3,3,3,3,>8,3,3,3,3,3,2,3,3,3,,3,3,3,3,3,3,Not at risk,3,"
."
8/18/2025 17:20:57,Yes,Yes,18,Female,Bachelors,BCT,3.6â€“4.0,<1,Laptop,Yes,Always,3â€“4h,3â€“4h,Never,<5 times,"YouTube, Instagram",2â€“3h,None,4,2,4,3,4,2,1,3,7â€“8,4,3,5,4,4,2,4,4,3,,3,2,3,2,4,4,Mild,2,no
8/18/2025 17:37:24,Yes,Yes,16,Male,+2,Computer Engneering,3.1â€“3.5,1â€“2,Shared devices,Yes,Always,2â€“3h,3â€“4h,Never,5â€“10 times,"YouTube, Instagram",1â€“2h,None,1,1,2,1,1,3,1,3,6â€“7,3,3,3,1,2,2,2,1,1,,1,1,4,1,3,2,Mild,3,I want the detailed analysis of the report
8/18/2025 18:04:49,Yes,No,35,Male,Bachelors,management ,3.1â€“3.5,3â€“4,Smartphone,Yes,Sometimes,4â€“6h,3â€“4h,<30m,5â€“10 times,"YouTube, TikTok, Facebook, WhatsApp",2â€“3h,30â€“60m,1,1,1,2,1,1,1,2,7â€“8,1,1,1,1,1,1,1,1,1,,1,1,2,1,1,1,Mild,1,Nice
8/18/2025 18:09:10,Yes,Yes,18,Male,Bachelors,mds,3.1â€“3.5,<1,Smartphone,Yes,No,>6h,>6h,<30m,>20,"YouTube, TikTok, Instagram, Facebook, WhatsApp",>4h,30â€“60m,5,5,5,5,2,5,5,3,<5,2,4,3,1,5,5,3,1,5,,5,5,1,4,1,5,Severe,5,my frens also use mobile 
8/18/2025 18:10:33,Yes,Yes,22,Male,Bachelors,Information and Technology ,3.1â€“3.5,1â€“2,Smartphone,Yes,Always,4â€“6h,>6h,30â€“60m,<5 times,"YouTube, Instagram, Facebook",1â€“2h,None,2,3,2,3,1,4,2,3,6â€“7,2,2,1,3,2,1,1,2,2,,2,2,3,1,1,4,Mild,3,Thank you 
8/18/2025 18:50:49,Yes,Yes,19,Male,+2,Technical subject,3.6â€“4.0,<1,Smartphone,Yes,No,>6h,>6h,1â€“2h,<5 times,Gaming,1â€“2h,>2h,5,3,1,1,1,1,1,5,6â€“7,5,5,1,1,1,5,1,1,1,,1,1,5,1,5,2,Not at risk,1,play more game and spend less time on social media it will increase your response time and decision making capacity --
8/18/2025 20:19:50,Yes,No,33,Male,Masters,Data Science,2.6â€“3.0,1â€“2,Laptop,Yes,Sometimes,3â€“4h,3â€“4h,<30m,5â€“10 times,YouTube,<1h,30â€“60m,2,2,2,1,1,2,2,1,7â€“8,2,2,2,2,2,2,2,2,3,,3,4,3,1,2,2,Mild,2,Not significant
8/18/2025 20:57:45,No,Yes,17,Female,+2,Computer engineering ,2.6â€“3.0,1â€“2,Laptop,Yes,Sometimes,<2h,2â€“3h,<30m,5â€“10 times,"YouTube, TikTok, Instagram, Facebook",1â€“2h,None,2,1,1,1,1,2,1,1,5â€“6,2,2,3,1,2,1,1,1,2,,5,5,3,1,2,1,Not at risk,3,Nah
8/18/2025 21:42:30,Yes,Yes,24,Male,Bachelors,B Sc Microbiology ,2.6â€“3.0,1â€“2,Smartphone,Yes,Rarely,>6h,3â€“4h,>2h,11â€“20 times,"YouTube, TikTok, Instagram, Facebook, Gaming",2â€“3h,>2h,4,4,4,4,4,4,4,4,6â€“7,4,4,4,4,4,2,4,2,2,,2,2,3,1,1,4,Mild,3,not at all
8/19/2025 8:59:48,Yes,Yes,18,Female,+2,science,3.1â€“3.5,1â€“2,Laptop,Yes,Always,4â€“6h,3â€“4h,30â€“60m,<5 times,"YouTube, TikTok, Instagram, Snapchat",1â€“2h,None,2,2,3,2,2,2,2,3,6â€“7,2,4,4,2,2,3,3,1,2,,2,2,1,2,3,3,Mild,2,nothing
8/19/2025 9:30:26,Yes,No,25,Female,+2,Management,2.6â€“3.0,<1,Smartphone,Yes,Always,<2h,2â€“3h,<30m,<5 times,Facebook,1â€“2h,None,1,1,1,1,1,1,1,1,<5,1,1,1,1,1,2,1,1,1,,1,1,1,1,1,1,Not at risk,1,I use to phone at fix time
8/19/2025 10:13:36,Yes,No,36,Male,Bachelors,Hospitality,2.6â€“3.0,<1,Smartphone,Yes,Rarely,4â€“6h,4â€“6h,<30m,5â€“10 times,"YouTube, TikTok, Instagram, Facebook, WhatsApp",3â€“4h,None,3,2,3,2,3,5,1,2,6â€“7,3,5,2,2,5,4,4,3,3,,3,3,4,3,3,4,Moderate,3,Nothing
8/19/2025 10:18:33,Yes,No,41,Male,Masters,Management ,2.0â€“2.5,<1,Smartphone,Yes,Sometimes,4â€“6h,4â€“6h,30â€“60m,11â€“20 times,"Facebook, WhatsApp",>4h,None,1,1,1,1,1,2,2,2,6â€“7,3,2,1,1,2,3,2,2,1,,2,1,5,3,4,2,Mild,2,Ok
8/19/2025 10:23:03,Yes,No,30,Male,Bachelors,Engineering,3.1â€“3.5,<1,Smartphone,Yes,Sometimes,4â€“6h,4â€“6h,30â€“60m,<5 times,"YouTube, TikTok, Instagram, Facebook, WhatsApp",2â€“3h,<30m,2,2,3,1,3,4,1,4,7â€“8,3,4,4,3,2,2,3,1,1,,3,3,4,2,3,4,Mild,2,All the best.
8/19/2025 10:35:41,Yes,No,35,Male,Bachelors,Engineering,3.1â€“3.5,3â€“4,Laptop,Yes,Sometimes,3â€“4h,3â€“4h,<30m,<5 times,"YouTube, Instagram, WhatsApp, Snapchat, LinkedIn",2â€“3h,None,2,1,2,2,3,2,1,2,6â€“7,2,3,2,3,3,2,3,2,2,,2,2,4,3,3,4,Moderate,3,Learn the importance of time
8/19/2025 11:06:48,Yes,No,42,Male,Masters,MBS,2.6â€“3.0,1â€“2,Smartphone,Yes,Always,2â€“3h,>6h,30â€“60m,<5 times,Facebook,1â€“2h,None,2,2,2,3,2,2,3,3,7â€“8,2,2,3,2,3,3,2,3,3,,2,2,2,2,2,2,Mild,2,No
8/19/2025 12:05:36,Yes,No,49,Male,Masters,Master of Engineering ,3.6â€“4.0,2â€“3,Desktop,Yes,Always,<2h,<2h,Never,5â€“10 times,"YouTube, Facebook",<1h,None,1,1,1,1,1,2,1,1,7â€“8,1,1,2,2,2,2,3,2,1,,1,1,4,2,2,2,Not at risk,2,Nothing 
8/19/2025 12:18:15,Yes,No,28,Female,Masters,MBS ,3.1â€“3.5,2â€“3,Smartphone,Yes,Sometimes,4â€“6h,4â€“6h,30â€“60m,<5 times,"YouTube, TikTok, Instagram, Facebook, WhatsApp",2â€“3h,None,1,2,2,2,2,2,1,1,5â€“6,2,2,2,2,3,3,2,1,1,,2,2,3,2,2,5,Mild,1,Nothing 
8/19/2025 12:50:26,Yes,No,23,Female,+2,Computer Science ,2.6â€“3.0,2â€“3,Smartphone,Yes,Rarely,4â€“6h,4â€“6h,<30m,11â€“20 times,"YouTube, TikTok, Instagram, Facebook, WhatsApp, Snapchat, Gaming",1â€“2h,>2h,3,2,2,1,2,3,3,2,5â€“6,1,5,3,4,3,4,3,1,3,,3,3,4,4,5,3,Moderate,4,"I'm happy to be part of this .
Thank you ðŸ˜Š"
8/19/2025 12:53:30,No,Yes,17,Male,+2,Science ,3.1â€“3.5,2â€“3,Smartphone,Yes,Sometimes,>6h,>6h,<30m,<5 times,"YouTube, Instagram, Facebook, WhatsApp",2â€“3h,30â€“60m,1,2,1,3,3,3,3,2,6â€“7,4,4,1,5,1,1,1,1,3,,3,3,2,4,1,5,Severe,1,Nothing 
8/19/2025 12:56:25,No,Yes,17,Female,+2,Hotel management ,3.1â€“3.5,2â€“3,Smartphone,Yes,Sometimes,>6h,3â€“4h,1â€“2h,<5 times,"YouTube, TikTok, Instagram, Facebook, WhatsApp",2â€“3h,None,1,2,2,3,1,3,1,3,<5,2,3,3,2,2,2,2,2,2,,2,2,3,1,2,5,Not at risk,2,No
8/19/2025 13:12:42,Yes,Yes,25,Female,Bachelors,study ,2.6â€“3.0,2â€“3,Smartphone,Yes,Always,2â€“3h,2â€“3h,Never,<5 times,"YouTube, TikTok, Facebook, WhatsApp",<1h,None,1,2,5,5,1,5,4,3,5â€“6,2,1,1,2,2,2,2,2,2,,3,3,2,1,2,2,Severe,1,No
8/19/2025 13:19:20,Yes,Yes,19,Female,Bachelors,BSC.IT,3.1â€“3.5,2â€“3,Laptop,Yes,Sometimes,3â€“4h,4â€“6h,Never,<5 times,TikTok,1â€“2h,<30m,3,2,2,2,3,1,1,1,7â€“8,2,2,1,2,3,2,1,2,1,,2,1,3,2,1,3,Mild,2,Nothing else
8/19/2025 13:35:58,Yes,Yes,25,Female,Bachelors,Nursing ,3.1â€“3.5,>4,Smartphone,Yes,Always,2â€“3h,2â€“3h,<30m,5â€“10 times,"YouTube, TikTok, Instagram, Facebook, WhatsApp, Snapchat",2â€“3h,30â€“60m,1,1,1,1,1,1,1,1,7â€“8,1,1,1,1,1,1,1,1,1,,1,1,1,1,1,1,Not at risk,1,Utilizing phone for education and work related purposes only .
8/19/2025 14:37:11,Yes,Yes,24,Female,Bachelors,Bachelor in Medical lab technician ,3.1â€“3.5,>4,Smartphone,Yes,No,2â€“3h,<2h,Never,>20,Facebook,<1h,None,1,1,1,1,1,1,1,1,7â€“8,5,1,1,1,1,1,1,1,1,,1,1,5,1,1,1,Not at risk,1,No
8/19/2025 14:53:31,Yes,No,26,Female,+2,CMLT,3.1â€“3.5,<1,Smartphone,Yes,Sometimes,2â€“3h,<2h,<30m,<5 times,Facebook,<1h,<30m,2,1,2,2,3,2,3,3,6â€“7,3,2,1,3,4,4,3,3,1,,2,3,3,3,4,4,Not at risk,3,No thankyou
8/19/2025 14:58:11,Yes,Yes,20,Female,Bachelors,IT,3.1â€“3.5,1â€“2,Smartphone,Yes,Sometimes,3â€“4h,4â€“6h,30â€“60m,<5 times,"YouTube, TikTok, Instagram",2â€“3h,None,1,2,1,2,1,1,1,1,7â€“8,3,2,2,2,1,1,1,1,1,,1,1,3,4,3,3,Not at risk,1,No
8/19/2025 15:09:44,Yes,Yes,19,Female,+2,Management ,3.1â€“3.5,2â€“3,Smartphone,Yes,Always,2â€“3h,3â€“4h,<30m,<5 times,"YouTube, TikTok, Instagram, Facebook, WhatsApp, Snapchat",1â€“2h,None,1,2,1,5,1,5,5,1,6â€“7,5,5,5,3,3,5,1,1,1,,1,4,3,5,1,2,Not at risk,2,Nothing 
8/19/2025 15:45:19,Yes,Yes,27,Female,Bachelors,BSW,3.1â€“3.5,1â€“2,Smartphone,Yes,Always,2â€“3h,2â€“3h,Never,<5 times,"YouTube, TikTok, Instagram, Facebook, WhatsApp",2â€“3h,None,1,1,1,1,1,1,1,1,6â€“7,1,1,1,1,5,1,1,1,1,,5,1,1,1,1,1,Mild,1,"No
"
8/19/2025 16:08:50,Yes,Yes,23,Female,Bachelors,IT major,3.1â€“3.5,3â€“4,Smartphone,Yes,Always,2â€“3h,3â€“4h,Never,<5 times,"Instagram, Facebook, Snapchat",2â€“3h,None,2,1,4,1,4,2,1,1,6â€“7,3,2,4,4,1,3,3,1,2,,2,3,3,4,5,5,Mild,3,I feel like humiliation from Korean people because we are from another country and our skin is black in color.Also the language barrier is the main problem ðŸ˜­
8/19/2025 16:50:10,Yes,No,25,Female,+2,Cmlt ,2.6â€“3.0,1â€“2,Smartphone,Yes,Rarely,3â€“4h,4â€“6h,Never,<5 times,YouTube,1â€“2h,None,1,1,1,2,3,3,4,2,7â€“8,2,3,3,1,1,1,1,1,1,,1,1,1,1,1,1,Not at risk,1,Not at all
8/19/2025 17:15:13,Yes,Yes,26,Female,+2,Management ,2.6â€“3.0,1â€“2,Smartphone,Yes,Always,2â€“3h,<2h,<30m,<5 times,"Instagram, Facebook",1â€“2h,None,2,2,2,1,1,2,2,2,<5,2,2,2,2,2,2,2,2,2,,2,2,2,2,2,2,Not at risk,3,Nothing 
8/19/2025 17:48:04,Yes,Yes,23,Female,Bachelors,Agriculture ,2.6â€“3.0,2â€“3,Smartphone,Yes,Always,3â€“4h,3â€“4h,30â€“60m,5â€“10 times,"YouTube, TikTok, Instagram, Facebook, Snapchat",2â€“3h,None,3,1,2,3,1,2,1,3,7â€“8,3,5,5,3,4,2,1,1,1,,1,1,4,3,4,5,Mild,2,I do not consider myself highly addicted to my phone or social media.
8/19/2025 18:03:44,No,Yes,18,Female,Bachelors,Management ,3.1â€“3.5,2â€“3,Smartphone,Yes,Rarely,4â€“6h,2â€“3h,<30m,>20,Instagram,2â€“3h,None,1,1,2,1,2,2,1,5,5â€“6,2,2,1,1,5,5,1,1,1,,1,1,3,1,2,5,Mild,3,Thank youfor questions
8/19/2025 18:07:49,Yes,No,19,Female,+2,Civil engineering ,2.6â€“3.0,>4,Laptop,Yes,Rarely,3â€“4h,2â€“3h,Never,<5 times,"YouTube, TikTok, Instagram, Facebook, WhatsApp, Snapchat",2â€“3h,<30m,2,2,3,2,5,2,1,3,6â€“7,4,4,4,4,3,1,3,3,5,,5,5,1,5,4,3,Mild,3,I'm chill
8/19/2025 18:11:46,Yes,Yes,20,Female,Bachelors,management,3.1â€“3.5,3â€“4,Laptop,Yes,Sometimes,3â€“4h,4â€“6h,30â€“60m,<5 times,YouTube,2â€“3h,None,4,3,4,4,2,4,4,5,6â€“7,4,5,2,4,4,4,4,3,4,,4,2,4,2,4,4,Moderate,4,no
8/19/2025 18:51:57,Yes,Yes,23,Female,Bachelors,IT,3.6â€“4.0,<1,Smartphone,Yes,Rarely,4â€“6h,>6h,>2h,5â€“10 times,"YouTube, Instagram",>4h,<30m,5,3,2,3,3,5,1,3,7â€“8,2,5,1,4,4,5,5,1,3,,3,2,3,1,5,5,Mild,2,no
8/19/2025 19:27:58,Yes,Yes,24,Female,Bachelors,Bachelor in social work ,3.1â€“3.5,1â€“2,Smartphone,Yes,Sometimes,4â€“6h,4â€“6h,1â€“2h,11â€“20 times,"YouTube, TikTok, Instagram, Facebook, WhatsApp, Snapchat, Google ",3â€“4h,None,2,2,2,2,1,3,1,1,>8,5,5,5,1,3,1,1,1,2,,2,1,3,1,5,3,Not at risk,2,Thank you 
8/19/2025 19:28:49,Yes,Yes,19,Female,Bachelors,BSC Nursing ,3.6â€“4.0,3â€“4,Smartphone,Yes,Always,>6h,<2h,30â€“60m,<5 times,"YouTube, TikTok, Instagram, Facebook, Snapchat",2â€“3h,None,5,1,3,5,1,1,1,5,7â€“8,4,3,1,3,5,2,1,1,3,,5,1,2,1,2,5,Not at risk,3,Derai MBL chalainxa
8/19/2025 19:30:02,Yes,Yes,18,Female,Bachelors,BBA,3.1â€“3.5,2â€“3,Smartphone,Yes,Sometimes,2â€“3h,3â€“4h,30â€“60m,5â€“10 times,"YouTube, TikTok, Instagram, Facebook, WhatsApp",2â€“3h,None,2,1,2,1,2,1,1,2,6â€“7,1,2,2,1,1,2,1,1,1,,1,2,2,2,4,3,Not at risk,2,No
8/19/2025 21:58:04,Yes,Yes,20,Male,+2,science,3.1â€“3.5,3â€“4,Smartphone,Yes,Always,4â€“6h,>6h,>2h,5â€“10 times,Instagram,3â€“4h,<30m,3,5,2,5,2,5,5,4,<5,4,5,1,2,5,5,5,5,5,,1,1,5,1,5,5,Not at risk,2,"Your spine bends, your eyes burn, your brain melts â€” but hey, at least TikTok is free."
8/19/2025 22:14:37,Yes,Yes,23,Female,Bachelors,Science ,2.6â€“3.0,1â€“2,Smartphone,Yes,Sometimes,4â€“6h,>6h,30â€“60m,<5 times,"YouTube, TikTok, Instagram, Facebook, WhatsApp, Snapchat",2â€“3h,None,2,2,3,2,2,4,1,2,6â€“7,2,2,4,3,5,4,2,2,3,,3,2,3,1,3,5,Moderate,2,No
8/20/2025 12:54:13,Yes,Yes,23,Male,Bachelors,BScIT ,3.6â€“4.0,3â€“4,Laptop,Yes,Sometimes,3â€“4h,2â€“3h,<30m,5â€“10 times,"YouTube, Instagram, Gaming",3â€“4h,30â€“60m,2,2,2,4,1,1,1,4,5â€“6,2,4,3,2,3,3,2,3,1,,1,1,5,1,5,5,Mild,4,Don't waste too much time on mobile phones rather study books or other activities 
8/20/2025 13:05:32,Yes,Yes,21,Male,Bachelors,Information technology,3.6â€“4.0,1â€“2,Smartphone,Yes,Sometimes,4â€“6h,>6h,30â€“60m,5â€“10 times,"YouTube, Instagram, Gaming",2â€“3h,30â€“60m,2,2,2,3,2,5,5,3,7â€“8,3,4,2,2,2,4,3,1,2,,2,2,4,1,1,3,Mild,2,Nothing
8/20/2025 13:07:50,Yes,Yes,21,Female,Bachelors,Bscit,3.1â€“3.5,>4,Laptop,Yes,Rarely,>6h,>6h,1â€“2h,5â€“10 times,"YouTube, Instagram, LinkedIn",>4h,None,4,4,3,4,3,5,4,4,6â€“7,4,3,4,5,5,5,5,3,5,,5,4,2,5,3,5,Severe,3,Nothing 
8/20/2025 13:40:41,Yes,Yes,24,Male,Bachelors,BCA,2.6â€“3.0,<1,Laptop,Yes,Sometimes,>6h,>6h,Never,>20,Instagram,>4h,1â€“2h,1,3,1,2,3,2,1,3,6â€“7,2,5,1,3,1,5,4,3,1,,5,5,3,5,5,1,Not at risk,2,Not really 
8/20/2025 14:01:27,Yes,Yes,27,Male,Masters,Engineering ,3.6â€“4.0,3â€“4,Laptop,Yes,Always,<2h,3â€“4h,30â€“60m,<5 times,"YouTube, Instagram, Facebook, WhatsApp",1â€“2h,None,1,1,1,1,1,1,1,1,6â€“7,4,3,2,2,3,4,3,2,1,,2,2,3,1,1,2,Not at risk,4,Thanks for the opportunity 
8/20/2025 14:03:49,Yes,No,30,Male,Bachelors,Bba,3.6â€“4.0,2â€“3,Smartphone,Yes,Sometimes,4â€“6h,4â€“6h,<30m,<5 times,Instagram,3â€“4h,<30m,1,1,1,1,1,1,1,3,7â€“8,4,5,1,5,3,3,3,1,1,,1,1,4,1,1,1,Not at risk,1,No
8/20/2025 14:21:21,Yes,Yes,20,Female,+2,Science ,2.0â€“2.5,1â€“2,Smartphone,Yes,Always,>6h,4â€“6h,30â€“60m,<5 times,"YouTube, TikTok, Instagram, Facebook, Snapchat",3â€“4h,<30m,4,2,4,4,2,4,1,3,7â€“8,2,3,5,4,3,3,2,2,2,,2,1,3,2,2,2,Moderate,2,Good 
8/20/2025 15:00:45,Yes,Yes,23,Male,Bachelors,Management ,3.1â€“3.5,>4,Smartphone,Yes,Sometimes,3â€“4h,3â€“4h,30â€“60m,<5 times,YouTube,2â€“3h,None,1,2,1,1,1,1,1,1,7â€“8,5,1,1,1,3,1,4,5,1,,1,1,4,5,3,5,Mild,4,Testo kei chaina
8/20/2025 15:08:55,Yes,Yes,23,Male,Bachelors,Engineering ,3.1â€“3.5,<1,Laptop,Yes,Rarely,4â€“6h,4â€“6h,<30m,<5 times,YouTube,1â€“2h,1â€“2h,5,1,2,1,1,1,1,1,>8,5,3,1,3,1,3,3,1,1,,1,1,3,1,5,3,Not at risk,3,Nope
8/20/2025 15:26:18,Yes,Yes,27,Male,Masters,Management ,3.1â€“3.5,2â€“3,Smartphone,Yes,Sometimes,3â€“4h,>6h,Never,<5 times,"YouTube, Instagram, Snapchat, LinkedIn",2â€“3h,None,1,2,2,3,1,4,3,3,6â€“7,4,2,3,2,3,3,2,3,3,,3,4,3,4,3,2,Not at risk,4,Nothing more 
8/20/2025 19:15:56,Yes,No,29,Male,Bachelors,tourism,3.1â€“3.5,2â€“3,Smartphone,Yes,Always,4â€“6h,2â€“3h,Never,<5 times,"YouTube, Instagram, Facebook, WhatsApp, Gaming",2â€“3h,1â€“2h,1,1,1,1,1,1,1,1,7â€“8,2,4,2,1,1,2,1,1,1,,1,1,4,1,1,1,Not at risk,1,not at all
8/20/2025 21:51:59,Yes,Yes,23,Female,Bachelors,Management ,3.6â€“4.0,>4,Smartphone,Yes,Sometimes,3â€“4h,3â€“4h,<30m,>20,"YouTube, TikTok, Instagram",3â€“4h,None,3,4,4,3,5,1,2,1,5â€“6,4,5,4,5,2,2,2,2,2,,2,2,4,3,2,2,Moderate,4,I want to reduce my screen time but all my study stuff is on mobile 
8/20/2025 22:17:52,Yes,No,29,Male,Masters,IT,3.1â€“3.5,1â€“2,Laptop,Yes,Always,2â€“3h,>6h,<30m,<5 times,"Instagram, Gaming",2â€“3h,1â€“2h,2,1,1,1,2,1,1,1,7â€“8,4,2,1,1,1,2,2,1,1,,1,1,4,1,4,2,Not at risk,4,Not at all
8/21/2025 8:35:57,Yes,Yes,25,Male,Masters,IT,3.1â€“3.5,2â€“3,Laptop,Yes,Rarely,>6h,2â€“3h,30â€“60m,<5 times,"YouTube, TikTok, Instagram, Facebook, WhatsApp, X, LinkedIn",2â€“3h,None,5,2,3,4,3,3,4,2,5â€“6,3,4,1,3,3,3,4,3,1,,3,3,3,2,3,5,Mild,3,One question is repeated.
8/21/2025 15:45:56,Yes,No,23,Male,Bachelors,Engineering ,3.6â€“4.0,2â€“3,Smartphone,Yes,Always,3â€“4h,3â€“4h,<30m,<5 times,"YouTube, Instagram, Facebook",1â€“2h,None,2,2,1,1,3,1,1,1,7â€“8,2,2,1,2,4,2,2,1,2,,1,2,3,2,4,5,Mild,3,Not at all
8/21/2025 18:25:13,Yes,Yes,40,Male,Masters,Engineering ,3.1â€“3.5,2â€“3,Smartphone,Yes,Sometimes,2â€“3h,2â€“3h,Never,<5 times,"YouTube, Instagram, Facebook, WhatsApp, X",<1h,None,2,1,1,1,1,1,1,1,7â€“8,4,2,2,2,2,1,1,1,1,,1,1,5,1,4,1,Mild,4,NA
8/21/2025 20:40:34,Yes,No,25,Female,+2,Plant science,2.6â€“3.0,2â€“3,Smartphone,Yes,Always,4â€“6h,4â€“6h,Never,<5 times,"YouTube, TikTok, Facebook, WhatsApp, Snapchat",1â€“2h,None,1,1,1,1,1,5,1,1,6â€“7,2,2,1,3,5,3,1,1,1,,2,5,3,2,2,5,Moderate,1,Nothings 
8/21/2025 22:26:02,Yes,Yes,20,Male,+2,Veterinary ,2.6â€“3.0,1â€“2,Smartphone,Yes,Always,>6h,4â€“6h,Never,5â€“10 times,"YouTube, TikTok, Instagram, Facebook, WhatsApp, LinkedIn",1â€“2h,None,1,1,1,1,1,2,1,1,6â€“7,1,1,1,1,3,3,1,1,1,,1,1,5,5,5,5,Not at risk,1,No 
8/22/2025 3:52:15,Yes,No,24,Female,Masters,Business studies ,2.6â€“3.0,3â€“4,Laptop,Yes,Sometimes,3â€“4h,>6h,<30m,<5 times,"YouTube, Instagram, Facebook, WhatsApp",3â€“4h,None,3,2,3,4,2,4,2,2,6â€“7,3,3,2,3,3,3,2,2,2,,2,3,4,3,4,5,Not at risk,2,Nothing else 
8/22/2025 8:09:23,Yes,No,28,Male,Masters,ACCA,3.6â€“4.0,>4,Laptop,Yes,Always,2â€“3h,2â€“3h,<30m,<5 times,"YouTube, TikTok, Instagram, Facebook, WhatsApp, LinkedIn",1â€“2h,None,1,1,1,1,1,3,1,1,7â€“8,4,4,2,2,2,3,2,1,1,,1,1,4,2,1,3,Mild,3,Ok
8/24/2025 8:56:33,Yes,Yes,33,Male,Masters,Mathematics ,3.1â€“3.5,1â€“2,Smartphone,Yes,Sometimes,2â€“3h,3â€“4h,30â€“60m,<5 times,"YouTube, TikTok, Facebook",2â€“3h,<30m,2,2,3,1,3,5,2,4,6â€“7,3,4,2,3,2,2,4,3,2,,2,4,3,3,2,4,Moderate,3,No
8/24/2025 8:59:59,Yes,Yes,20,Male,+2,Science ,2.0â€“2.5,<1,Smartphone,Yes,Rarely,4â€“6h,>6h,1â€“2h,<5 times,"YouTube, TikTok, Facebook",3â€“4h,1â€“2h,2,2,4,1,5,5,2,5,6â€“7,1,4,2,4,2,2,1,3,2,,2,2,3,2,3,5,Moderate,3,Nott
8/24/2025 9:58:23,Yes,Yes,26,Female,Bachelors,Geology ,3.6â€“4.0,3â€“4,Smartphone,Yes,No,<2h,2â€“3h,<30m,<5 times,"YouTube, TikTok",1â€“2h,None,1,1,2,2,5,4,1,3,7â€“8,5,2,1,1,1,2,1,1,2,,2,1,4,4,2,4,Mild,3,No
8/24/2025 18:05:29,Yes,No,17,Male,+2,Science ,3.6â€“4.0,<1,Smartphone,Yes,Rarely,>6h,>6h,>2h,>20,"YouTube, Instagram, WhatsApp, Streaming",>4h,<30m,2,2,3,3,2,3,2,4,6â€“7,3,3,3,3,3,2,2,2,2,,2,2,2,3,2,3,Moderate,2,No
8/29/2025 11:03:34,Yes,Yes,25,Female,Masters,Medical ,3.1â€“3.5,<1,Smartphone,Yes,Always,4â€“6h,4â€“6h,<30m,5â€“10 times,"YouTube, TikTok, Instagram, Facebook, WhatsApp, Snapchat, Gaming",2â€“3h,30â€“60m,2,2,3,3,3,5,3,5,7â€“8,2,5,3,3,5,5,3,5,5,,3,5,1,3,5,5,Moderate,3,I want to reduce my screen time
9/1/2025 15:51:56,Yes,No,26,Female,+2,Medical,2.6â€“3.0,<1,Smartphone,Yes,Sometimes,3â€“4h,<2h,<30m,5â€“10 times,Facebook,2â€“3h,<30m,5,1,1,1,1,1,1,1,7â€“8,5,2,3,1,1,2,2,1,1,,1,1,5,5,1,5,Not at risk,1,Nothing
9/2/2025 12:04:09,Yes,Yes,18,Female,+2,No,2.6â€“3.0,2â€“3,Smartphone,No,Rarely,2â€“3h,2â€“3h,<30m,<5 times,"YouTube, Facebook",2â€“3h,None,5,1,5,1,1,1,1,1,6â€“7,1,2,2,5,1,1,1,1,1,,1,1,5,5,1,1,Mild,1,Nothinh
9/2/2025 12:10:01,Yes,Yes,28,Female,+2,Management,2.6â€“3.0,2â€“3,Smartphone,Yes,Sometimes,2â€“3h,2â€“3h,<30m,<5 times,"YouTube, TikTok, Instagram, Facebook, WhatsApp, Snapchat, Gaming",2â€“3h,None,1,1,1,1,1,1,1,1,7â€“8,5,5,1,5,1,5,1,1,1,,5,5,1,1,1,1,Not at risk,1,I have nothing to say 
9/2/2025 12:14:33,No,Yes,18,Female,+2,Management ,2.6â€“3.0,1â€“2,Smartphone,Yes,Sometimes,2â€“3h,2â€“3h,<30m,<5 times,"YouTube, Facebook",2â€“3h,None,1,1,1,1,1,1,1,2,6â€“7,1,5,2,5,1,1,1,1,1,,1,1,2,1,1,1,Not at risk,1,No
9/2/2025 12:38:04,No,Yes,17,Male,+2,Business Management ,<2.0,<1,Smartphone,Yes,Rarely,3â€“4h,3â€“4h,1â€“2h,<5 times,"YouTube, Facebook, WhatsApp",1â€“2h,None,1,2,2,4,2,3,2,3,7â€“8,4,3,1,3,4,3,3,2,2,,2,2,4,1,2,3,Not at risk,2,Nothing 
9/2/2025 12:43:04,Yes,No,30,Male,Masters,yes,2.6â€“3.0,2â€“3,Smartphone,Yes,Always,<2h,<2h,<30m,5â€“10 times,YouTube,<1h,<30m,1,1,2,2,2,1,1,1,<5,1,1,1,2,1,1,1,1,1,,2,1,1,1,1,1,Not at risk,1,No
9/2/2025 12:48:12,Yes,No,20,Male,+2,Tej binayek secondary school,3.1â€“3.5,<1,Smartphone,Yes,Rarely,<2h,<2h,<30m,<5 times,"YouTube, TikTok, Instagram, Facebook, WhatsApp",<1h,None,1,1,1,1,1,1,1,1,7â€“8,1,1,1,1,1,1,1,1,1,,1,1,1,1,1,1,Mild,1,Deraii phone used nagaram ðŸ˜
9/2/2025 13:00:50,Yes,No,38,Male,Bachelors,Humanities,2.6â€“3.0,2â€“3,Smartphone,Yes,No,2â€“3h,2â€“3h,1â€“2h,<5 times,Facebook,1â€“2h,<30m,1,1,1,1,2,1,1,1,6â€“7,5,2,1,2,1,1,2,1,1,,1,1,3,2,5,2,Mild,2,Phone is some good but more it is harmful
9/2/2025 13:58:42,Yes,Yes,28,Male,Masters,Artificial Intelligence ,2.6â€“3.0,1â€“2,Smartphone,Yes,Rarely,2â€“3h,3â€“4h,Never,>20,"TikTok, Facebook",1â€“2h,None,3,1,3,1,1,2,1,1,7â€“8,1,2,1,1,3,3,1,2,1,,1,1,5,4,1,5,Mild,3,No
9/2/2025 15:53:07,Yes,No,33,Male,Masters,Engineering,2.6â€“3.0,>4,Laptop,Yes,Always,2â€“3h,3â€“4h,1â€“2h,5â€“10 times,"YouTube, Facebook, WhatsApp, Gaming",1â€“2h,<30m,1,4,3,5,1,5,1,1,7â€“8,5,5,2,4,5,5,4,5,5,,5,1,4,5,4,5,Moderate,3,Im actually addicted to phone  when im free otherwise using phone is not compulsary! 
9/2/2025 19:08:01,Yes,Yes,188,Male,+2,Education & Development ,3.6â€“4.0,2â€“3,Smartphone,Yes,Sometimes,2â€“3h,3â€“4h,<30m,11â€“20 times,"YouTube, TikTok, Instagram, Facebook, WhatsApp, X, Snapchat",2â€“3h,None,2,2,2,2,2,2,2,1,6â€“7,2,1,1,2,2,2,2,2,2,,2,2,2,2,2,2,Not at risk,3,Share another my all friends and family members 
9/3/2025 20:41:06,Yes,Yes,18,Female,+2,Hotel Management ,3.1â€“3.5,2â€“3,Smartphone,Yes,Sometimes,2â€“3h,2â€“3h,Never,<5 times,Instagram,2â€“3h,None,1,1,1,1,1,2,1,1,5â€“6,2,2,1,1,1,5,5,1,1,,1,1,5,1,1,1,Not at risk,1,No I don't wanna share anything .
9/3/2025 21:16:38,No,Yes,16,Female,+2,Hotel Managent,2.6â€“3.0,2â€“3,Smartphone,Yes,Always,2â€“3h,2â€“3h,<30m,<5 times,"YouTube, Facebook",2â€“3h,None,2,1,2,2,2,1,1,2,7â€“8,2,2,2,2,2,2,2,1,1,,1,1,2,2,2,3,Not at risk,2,Nothing at all
9/15/2025 21:12:11,Yes,Yes,25,Female,Bachelors,Journalists ,3.1â€“3.5,3â€“4,Smartphone,Yes,Always,3â€“4h,2â€“3h,Never,<5 times,"YouTube, TikTok, Instagram, Facebook, WhatsApp, X, Snapchat",<1h,None,1,1,3,5,4,2,2,3,5â€“6,2,2,1,1,1,3,3,4,5,,4,2,1,3,1,1,Mild,2,Hi 
11/13/2025 14:14:18,Yes,Yes,28,Male,Masters,IT,3.1â€“3.5,1â€“2,Laptop,Yes,Sometimes,2â€“3h,3â€“4h,30â€“60m,<5 times,"YouTube, TikTok",2â€“3h,None,2,3,2,3,4,5,3,4,6â€“7,4,3,4,4,3,2,2,4,4,,3,4,4,3,3,4,Mild,2,no
11/13/2025 16:47:27,Yes,Yes,24,Female,Bachelors,Biotechnology,2.6â€“3.0,1â€“2,Smartphone,Yes,Sometimes,3â€“4h,3â€“4h,30â€“60m,<5 times,"YouTube, TikTok, Facebook",2â€“3h,30â€“60m,4,3,3,4,3,5,3,3,5â€“6,3,4,2,3,3,3,3,2,4,,4,4,3,2,3,3,Moderate,3,na